{
  "states": [
    {
      "name": "Andhra Pradesh",
      "cities": [
        "Anantapur",
        "Chittoor",
        "East Godavari",
        "Guntur",
        "Krishna",
        "Kurnool",
        "Prakasam",
        "Nellore",
        "Srikakulam",
        "Visakhapatnam",
        "Vizianagaram",
        "West Godavari",
        "Y.S.R. Kadapa"
      ]
    },
    {
      "name": "Arunachal Pradesh",
      "cities": [
        "Tawang",
        "West Kameng",
        "East Kameng",
        "Papum Pare",
        "Kurung Kumey",
        "Kra Daadi",
        "Lower Subansiri",
        "Upper Subansiri",
        "West Siang",
        "East Siang",
        "Siang",
        "Upper Siang",
        "Lower Siang",
        "Lower Dibang Valley",
        "Dibang Valley",
        "Anjaw",
        "Lohit",
        "Namsai",
        "Changlang",
        "Tirap",
        "Longding"
      ]
    },
    {
      "name": "Assam",
      "cities": [
        "Baksa",
        "Barpeta",
        "Biswanath",
        "Bongaigaon",
        "Cachar",
        "Charaideo",
        "Chirang",
        "Darrang",
        "Dhemaji",
        "Dhubri",
        "Dibrugarh",
        "Dima Hasao",
        "Goalpara",
        "Golaghat",
        "Hailakandi",
        "Hojai",
        "Jorhat",
        "Kamrup",
        "Kamrup Metropolitan",
        "Karbi Anglong",
        "Karimganj",
        "Kokrajhar",
        "Lakhimpur",
        "Majuli",
        "Morigaon",
        "Nagaon",
        "Nalbari",
        "Sivasagar",
        "Sonitpur",
        "South Salmara-Mankachar",
        "Tinsukia",
        "Udalguri",
        "West Karbi Anglong"
      ]
    },
    {
      "name": "Bihar",
      "cities": [
        "Araria",
        "Arwal",
        "Aurangabad",
        "Banka",
        "Begusarai",
        "Bhagalpur",
        "Bhojpur",
        "Buxar",
        "Darbhanga",
        "East Champaran",
        "Gaya",
        "Gopalganj",
        "Jamui",
        "Jehanabad",
        "Kaimur",
        "Katihar",
        "Khagaria",
        "Kishanganj",
        "Lakhisarai",
        "Madhepura",
        "Madhubani",
        "Munger",
        "Muzaffarpur",
        "Nalanda",
        "Nawada",
        "Patna",
        "Purnia",
        "Rohtas",
        "Saharsa",
        "Samastipur",
        "Saran",
        "Sheikhpura",
        "Sheohar",
        "Sitamarhi",
        "Siwan",
        "Supaul",
        "Vaishali",
        "West Champaran"
      ]
    },
    {
      "name": "Chhattisgarh",
      "cities": [
        "Balod",
        "Baloda Bazar",
        "Balrampur",
        "Bastar",
        "Bemetara",
        "Bijapur",
        "Bilaspur",
        "Dantewada",
        "Dhamtari",
        "Durg",
        "Gariaband",
        "Janjgir-Champa",
        "Jashpur",
        "Kabirdham",
        "Kanker",
        "Kondagaon",
        "Korba",
        "Koriya",
        "Mahasamund",
        "Mungeli",
        "Narayanpur",
        "Raigarh",
        "Raipur",
        "Rajnandgaon",
        "Sukma",
        "Surajpur",
        "Surguja"
      ]
    },
    {
      "name": "Goa",
      "cities": [
        "North Goa",
        "South Goa"
      ]
    },
    {
      "name": "Gujarat",
      "cities": [
        "Ahmedabad",
        "Amreli",
        "Anand",
        "Aravalli",
        "Banaskantha",
        "Bharuch",
        "Bhavnagar",
        "Botad",
        "Chhota Udaipur",
        "Dahod",
        "Dang",
        "Devbhoomi Dwarka",
        "Gandhinagar",
        "Gir Somnath",
        "Jamnagar",
        "Junagadh",
        "Kheda",
        "Kutch",
        "Mahisagar",
        "Mehsana",
        "Morbi",
        "Narmada",
        "Navsari",
        "Panchmahal",
        "Patan",
        "Porbandar",
        "Rajkot",
        "Sabarkantha",
        "Surat",
        "Surendranagar",
        "Tapi",
        "Vadodara",
        "Valsad"
      ]
    },
    {
      "name": "Haryana",
      "cities": [
        "Ambala",
        "Bhiwani",
        "Charkhi Dadri",
        "Faridabad",
        "Fatehabad",
        "Gurugram",
        "Hisar",
        "Jhajjar",
        "Jind",
        "Kaithal",
        "Karnal",
        "Kurukshetra",
        "Mahendragarh",
        "Nuh",
        "Palwal",
        "Panchkula",
        "Panipat",
        "Rewari",
        "Rohtak",
        "Sirsa",
        "Sonipat",
        "Yamunanagar"
      ]
    },
    {
      "name": "Himachal Pradesh",
      "cities": [
        "Bilaspur",
        "Chamba",
        "Hamirpur",
        "Kangra",
        "Kinnaur",
        "Kullu",
        "Lahaul and Spiti",
        "Mandi",
        "Shimla",
        "Sirmaur",
        "Solan",
        "Una"
      ]
    },
    {
      "name": "Jharkhand",
      "cities": [
        "Bokaro",
        "Chatra",
        "Deoghar",
        "Dhanbad",
        "Dumka",
        "East Singhbhum",
        "Garhwa",
        "Giridih",
        "Godda",
        "Gumla",
        "Hazaribagh",
        "Jamtara",
        "Khunti",
        "Koderma",
        "Latehar",
        "Lohardaga",
        "Pakur",
        "Palamu",
        "Ramgarh",
        "Ranchi",
        "Sahebganj",
        "Saraikela Kharsawan",
        "Simdega",
        "West Singhbhum"
      ]
    },
    {
      "name": "Karnataka",
      "cities": [
        "Bagalkot",
        "Ballari",
        "Belagavi",
        "Bengaluru Rural",
        "Bengaluru Urban",
        "Bidar",
        "Chamarajanagar",
        "Chikkaballapur",
        "Chikkamagaluru",
        "Chitradurga",
        "Dakshina Kannada",
        "Davanagere",
        "Dharwad",
        "Gadag",
        "Hassan",
        "Haveri",
        "Kalaburagi",
        "Kodagu",
        "Kolar",
        "Koppal",
        "Mandya",
        "Mysuru",
        "Raichur",
        "Ramanagara",
        "Shivamogga",
        "Tumakuru",
        "Udupi",
        "Uttara Kannada",
        "Vijayapura",
        "Yadgir"
      ]
    },
    {
      "name": "Kerala",
      "cities": [
        "Alappuzha",
        "Ernakulam",
        "Idukki",
        "Kannur",
        "Kasaragod",
        "Kollam",
        "Kottayam",
        "Kozhikode",
        "Malappuram",
        "Palakkad",
        "Pathanamthitta",
        "Thiruvananthapuram",
        "Thrissur",
        "Wayanad"
      ]
    },
    {
      "name": "Madhya Pradesh",
      "cities": [
        "Agar Malwa",
        "Alirajpur",
        "Anuppur",
        "Ashoknagar",
        "Balaghat",
        "Barwani",
        "Betul",
        "Bhind",
        "Bhopal",
        "Burhanpur",
        "Chhatarpur",
        "Chhindwara",
        "Damoh",
        "Datia",
        "Dewas",
        "Dhar",
        "Dindori",
        "Guna",
        "Gwalior",
        "Harda",
        "Hoshangabad",
        "Indore",
        "Jabalpur",
        "Jhabua",
        "Katni",
        "Khandwa",
        "Khargone",
        "Mandla",
        "Mandsaur",
        "Morena",
        "Narsinghpur",
        "Neemuch",
        "Panna",
        "Raisen",
        "Rajgarh",
        "Ratlam",
        "Rewa",
        "Sagar",
        "Satna",
        "Sehore",
        "Seoni",
        "Shahdol",
        "Shajapur",
        "Sheopur",
        "Shivpuri",
        "Sidhi",
        "Singrauli",
        "Tikamgarh",
        "Ujjain",
        "Umaria",
        "Vidisha"
      ]
    },
    {
      "name": "Maharashtra",
      "cities": [
        "Ahmednagar",
        "Akola",
        "Amravati",
        "Aurangabad",
        "Beed",
        "Bhandara",
        "Buldhana",
        "Chandrapur",
        "Dhule",
        "Gadchiroli",
        "Gondia",
        "Hingoli",
        "Jalgaon",
        "Jalna",
        "Kolhapur",
        "Latur",
        "Mumbai City",
        "Mumbai Suburban",
        "Nagpur",
        "Nanded",
        "Nandurbar",
        "Nashik",
        "Osmanabad",
        "Palghar",
        "Parbhani",
        "Pune",
        "Raigad",
        "Ratnagiri",
        "Sangli",
        "Satara",
        "Sindhudurg",
        "Solapur",
        "Thane",
        "Wardha",
        "Washim",
        "Yavatmal"
      ]
    },
    {
      "name": "Manipur",
      "cities": [
        "Bishnupur",
        "Chandel",
        "Churachandpur",
        "Imphal East",
        "Imphal West",
        "Jiribam",
        "Kakching",
        "Kamjong",
        "Kangpokpi",
        "Noney",
        "Pherzawl",
        "Senapati",
        "Tamenglong",
        "Tengnoupal",
        "Thoubal",
        "Ukhrul"
      ]
    },
    {
      "name": "Meghalaya",
      "cities": [
        "East Garo Hills",
        "East Jaintia Hills",
        "East Khasi Hills",
        "North Garo Hills",
        "Ri-Bhoi",
        "South Garo Hills",
        "South West Garo Hills",
        "South West Khasi Hills",
        "West Garo Hills",
        "West Jaintia Hills",
        "West Khasi Hills"
      ]
    },
    {
      "name": "Mizoram",
      "cities": [
        "Aizawl",
        "Champhai",
        "Kolasib",
        "Lawngtlai",
        "Lunglei",
        "Mamit",
        "Saiha",
        "Serchhip"
      ]
    },
    {
      "name": "Nagaland",
      "cities": [
        "Dimapur",
        "Kiphire",
        "Kohima",
        "Longleng",
        "Mokokchung",
        "Mon",
        "Peren",
        "Phek",
        "Tuensang",
        "Wokha",
        "Zunheboto"
      ]
    },
    {
      "name": "Odisha",
      "cities": [
        "Angul",
        "Balangir",
        "Balasore",
        "Bargarh",
        "Bhadrak",
        "Boudh",
        "Cuttack",
        "Deogarh",
        "Dhenkanal",
        "Gajapati",
        "Ganjam",
        "Jagatsinghapur",
        "Jajpur",
        "Jharsuguda",
        "Kalahandi",
        "Kandhamal",
        "Kendrapara",
        "Kendujhar (Keonjhar)",
        "Khordha",
        "Koraput",
        "Malkangiri",
        "Mayurbhanj",
        "Nabarangpur",
        "Nayagarh",
        "Nuapada",
        "Puri",
        "Rayagada",
        "Sambalpur",
        "Subarnapur (Sonepur)",
        "Sundargarh"
      ]
    },
    {
      "name": "Punjab",
      "cities": [
        "Amritsar",
        "Barnala",
        "Bathinda",
        "Faridkot",
        "Fatehgarh Sahib",
        "Fazilka",
        "Ferozepur",
        "Gurdaspur",
        "Hoshiarpur",
        "Jalandhar",
        "Kapurthala",
        "Ludhiana",
        "Mansa",
        "Moga",
        "Pathankot",
        "Patiala",
        "Rupnagar",
        "Sahibzada Ajit Singh Nagar (Mohali)",
        "Sangrur",
        "Shahid Bhagat Singh Nagar (Nawanshahr)",
        "Sri Muktsar Sahib",
        "Tarn Taran"
      ]
    },
    {
      "name": "Rajasthan",
      "cities": [
        "Ajmer",
        "Alwar",
        "Banswara",
        "Baran",
        "Barmer",
        "Bharatpur",
        "Bhilwara",
        "Bikaner",
        "Bundi",
        "Chittorgarh",
        "Churu",
        "Dausa",
        "Dholpur",
        "Dungarpur",
        "Hanumangarh",
        "Jaipur",
        "Jaisalmer",
        "Jalore",
        "Jhalawar",
        "Jhunjhunu",
        "Jodhpur",
        "Karauli",
        "Kota",
        "Nagaur",
        "Pali",
        "Pratapgarh",
        "Rajsamand",
        "Sawai Madhopur",
        "Sikar",
        "Sirohi",
        "Sri Ganganagar",
        "Tonk",
        "Udaipur"
      ]
    },
    {
      "name": "Sikkim",
      "cities": [
        "East Sikkim",
        "North Sikkim",
        "South Sikkim",
        "West Sikkim"
      ]
    },
    {
      "name": "Tamil Nadu",
      "cities": [
        "Ariyalur",
        "Chengalpattu",
        "Chennai",
        "Coimbatore",
        "Cuddalore",
        "Dharmapuri",
        "Dindigul",
        "Erode",
        "Kallakurichi",
        "Kanchipuram",
        "Kanyakumari",
        "Karur",
        "Krishnagiri",
        "Madurai",
        "Mayiladuthurai",
        "Nagapattinam",
        "Namakkal",
        "Nilgiris",
        "Perambalur",
        "Pudukkottai",
        "Ramanathapuram",
        "Ranipet",
        "Salem",
        "Sivaganga",
        "Tenkasi",
        "Thanjavur",
        "Theni",
        "Thoothukudi",
        "Tiruchirappalli",
        "Tirunelveli",
        "Tirupathur",
        "Tiruppur",
        "Tiruvallur",
        "Tiruvannamalai",
        "Vellore",
        "Viluppuram",
        "Virudhunagar"
      ]
    },
    {
      "name": "Telangana",
      "cities": [
        "Adilabad",
        "Bhadradri Kothagudem",
        "Hyderabad",
        "Jagtial",
        "Jangaon",
        "Jayashankar Bhupalapally",
        "Jogulamba Gadwal",
        "Kamareddy",
        "Karimnagar",
        "Khammam",
        "Komaram Bheem Asifabad",
        "Mahabubabad",
        "Mahbubnagar",
        "Mancherial",
        "Medak",
        "Medchal–Malkajgiri",
        "Nagarkurnool",
        "Nalgonda",
        "Nirmal",
        "Nizamabad",
        "Peddapalli",
        "Rajanna Sircilla",
        "Rangareddy",
        "Sangareddy",
        "Siddipet",
        "Suryapet",
        "Vikarabad",
        "Wanaparthy",
        "Warangal Rural",
        "Warangal Urban",
        "Yadadri Bhuvanagiri"
      ]
    },
    {
      "name": "Tripura",
      "cities": [
        "Dhalai",
        "Gomati",
        "Khowai",
        "North Tripura",
        "Sepahijala",
        "South Tripura",
        "Unakoti",
        "West Tripura"
      ]
    },
    {
      "name": "Uttar Pradesh",
      "cities": [
        "Agra",
        "Aligarh",
        "Ambedkar Nagar",
        "Amethi (Chatrapati Sahuji Mahraj Nagar)",
        "Amroha (J.P. Nagar)",
        "Auraiya",
        "Ayodhya (Faizabad)",
        "Azamgarh",
        "Baghpat",
        "Bahraich",
        "Ballia",
        "Balrampur",
        "Banda",
        "Barabanki",
        "Bareilly",
        "Basti",
        "Bhadohi",
        "Bijnor",
        "Budaun",
        "Bulandshahr",
        "Chandauli",
        "Chitrakoot",
        "Deoria",
        "Etah",
        "Etawah",
        "Farrukhabad",
        "Fatehpur",
        "Firozabad",
        "Gautam Buddha Nagar",
        "Ghaziabad",
        "Ghazipur",
        "Gonda",
        "Gorakhpur",
        "Hamirpur",
        "Hapur (Panchsheel Nagar)",
        "Hardoi",
        "Hathras",
        "Jalaun",
        "Jaunpur",
        "Jhansi",
        "Kannauj",
        "Kanpur Dehat",
        "Kanpur Nagar",
        "Kasganj",
        "Kaushambi",
        "Kushinagar",
        "Lakhimpur Kheri",
        "Lalitpur",
        "Lucknow",
        "Maharajganj",
        "Mahoba",
        "Mainpuri",
        "Mathura",
        "Mau",
        "Meerut",
        "Mirzapur",
        "Moradabad",
        "Muzaffarnagar",
        "Pilibhit",
        "Pratapgarh",
        "Prayagraj",
        "Raebareli",
        "Rampur",
        "Saharanpur",
        "Sambhal (Bhim Nagar)",
        "Sant Kabir Nagar",
        "Shahjahanpur",
        "Shamli",
        "Shrawasti",
        "Siddharthnagar",
        "Sitapur",
        "Sonbhadra",
        "Sultanpur",
        "Unnao",
        "Varanasi"
      ]
    },
    {
      "name": "Uttarakhand",
      "cities": [
        "Almora",
        "Bageshwar",
        "Chamoli",
        "Champawat",
        "Dehradun",
        "Haridwar",
        "Nainital",
        "Pauri Garhwal",
        "Pithoragarh",
        "Rudraprayag",
        "Tehri Garhwal",
        "Udham Singh Nagar",
        "Uttarkashi"
      ]
    },
    {
      "name": "West Bengal",
      "cities": [
        "Alipurduar",
        "Bankura",
        "Birbhum",
        "Cooch Behar",
        "Dakshin Dinajpur (South Dinajpur)",
        "Darjeeling",
        "Hooghly",
        "Howrah",
        "Jalpaiguri",
        "Jhargram",
        "Kalimpong",
        "Kolkata",
        "Malda",
        "Murshidabad",
        "Nadia",
        "North 24 Parganas",
        "Paschim Medinipur (West Medinipur)",
        "Paschim Bardhaman (West Bardhaman)",
        "Purba Medinipur (East Medinipur)",
        "Purba Bardhaman (East Bardhaman)",
        "Purulia",
        "South 24 Parganas",
        "Uttar Dinajpur (North Dinajpur)"
      ]
    },
    {
      "name": "Andaman and Nicobar Islands",
      "cities": [
        "North and Middle Andaman",
        "South Andaman",
        "Nicobar"
      ]
    },
    {
      "name": "Chandigarh",
      "cities": [
        "Chandigarh"
      ]
    },
    {
      "name": "Dadra and Nagar Haveli and Daman and Diu",
      "cities": [
        "Daman",
        "Diu"
      ]
    },
    {
      "name": "Lakshadweep",
      "cities": [
        "Agatti",
        "Amini",
        "Andrott",
        "Kavaratti",
        "Kalpeni"
      ]
    },
    {
      "name": "Delhi",
      "cities": [
        "Central Delhi",
        "East Delhi",
        "New Delhi",
        "North Delhi",
        "North East Delhi",
        "North West Delhi",
        "Shahdara",
        "South Delhi",
        "South East Delhi",
        "South West Delhi",
        "West Delhi"
      ]
    },
    {
      "name": "Puducherry",
      "cities": [
        "Karaikal",
        "Mahe",
        "Puducherry",
        "Yanam"
      ]
    }
  ],
  "caste": [
    {
      "name": "Yadav",
      "subcaste": [
        "Doddi",
        "Erragolla",
        "Karna",
        "Kumura",
        "Puja",
        "Yadava Golla"
      ]
    },
    {
      "name": "kapu",
      "subcaste": [
        "Balija/Balija Naidu",
        "Goud",
        "Gajula / kavarai",
        "kapu",
        "Munnuru kapu",
        "kapu Naidu",
        "Setty Balija",
        "Surya Balija",
        "Reddy",
        "Turupu kapu"
      ]
    },
    {
      "name": "Naidu",
      "subcaste": [
        "Balija/Balija Naidu",
        "Goud",
        "Gajula / kavarai",
        "Kamma",
        "kapu Naidu",
        "Munnuru Kapu",
        "Mutharaj",
        "Naidu",
        "Reddy"
      ]    },
    {}
  ],
  "profile": [
    "My Self",
    "Son",
    "Daughter",
    "Brother",
    "Sister",
    "Relative",
    "Friend"
  ],
  "religions": [
    "Hinduism",
    "Islam",
    "Christianity",
    "Sikhism",
    "Jainism",
    "Zoroastrianism",
    " Judaism",
    "Buddhism",
    "Other Religions"
  ],
  "gender": [
    "Male",
    "Female"
  ],
  "country": [
    "India"
  ],
  "familyType": [
    "Joint",
    "Nuclear"
  ],
  "languages": [
    "Hindi",
    "Bengali",
    "Telugu",
    "Marathi",
    "Tamil",
    "Urdu",
    "Gujarati",
    "Kannada",
    "Odia",
    "Punjabi",
    "Malayalam",
    "Assamese",
    "Maithili",
    "Santali",
    "Nepali",
    "Konkani",
    "Sindhi",
    "Dogri",
    "Manipuri",
    "Bodo",
    "Kashmiri",
    "Khasi"
  ],
  "maritualStatus":[
    "Married",
    "Un-Married",
    "Widowed"
  ],
  "familySttus":[
    "Lower",
    "Lower-Middle",
    "Upper-Middle",
    "Upper"
  ],

    "heights": [
    {
      "feet": [
        "4ft",
        "5ft",
        "6ft",
        "7ft"
      ],
      "inches": [
        "1 inches",
        "2 inches",
        "3 inches",
        "4 inches",
        "5 inches",
        "6 inches",
        "7 inches",
        "8 inches",
        "9 inches",
        "10 inches",
        "11 inches"
      ]
    }
  ],
  "HighestEducation": [
    "B.Tech (Bachelor of Technology)",
    "M.Tech (Master of Technology)",
    "MBBS (Bachelor of Medicine, Bachelor of Surgery)",
    "MD (Doctor of Medicine)",
    "MS (Master of Surgery)",
    "MBA (Master of Business Administration)",
    "BBA (Bachelor of Business Administration)",
    "B.Sc (Bachelor of Science)",
    "M.Sc (Master of Science)",
    "B.Com (Bachelor of Commerce)",
    "M.Com (Master of Commerce)",
    "BA (Bachelor of Arts)",
    "MA (Master of Arts)",
    "LLB (Bachelor of Laws)",
    "LLM (Master of Laws)",
    "B.Ed (Bachelor of Education)",
    "M.Ed (Master of Education)",
    "BCA (Bachelor of Computer Applications)",
    "MCA (Master of Computer Applications)",
    "B.Pharm (Bachelor of Pharmacy)",
    "M.Pharm (Master of Pharmacy)",
    "BHM (Bachelor of Hotel Management)",
    "MHM (Master of Hotel Management)",
    "B.Des (Bachelor of Design)",
    "M.Des (Master of Design)",
    "BFA (Bachelor of Fine Arts)",
    "MFA (Master of Fine Arts)",
    "BSW (Bachelor of Social Work)",
      
    "B.Sc in Agriculture",
    "M.Sc in Agriculture"
  ],
  "Occupation": [
    "Administrative Assistant",
    "Business Analyst",
    "Customer Service Representative",
    "Data Analyst",
    "Software Developer",
    "Site Engineer",
    "Army",
    "Formar",
    "Advocate",
    "Navy",
    "Graphic Designer",
    "Human Resources Manager",
    "IT Manager",
    "Marketing Manager",
    "Nurse",
    "Operations Manager",
    "Product Manager",
    "Quality Assurance Analyst",
    "Research Scientist",
    "Sales Representative",
    "Teacher",
    "UX/UI Designer",
    "Web Developer",
    "Writer/Editor",
    "Doctor",
    "Police",
    "System Analyst",
    "Network Engineer",
    "Data Scientist",
    "Professor",
    "Educational Administrator",
    "Counselor",
    "Pharmacist",
    "Medical Researcher",
    "Mechanical Engineer",
    "Civil Engineer",
    "Electrical Engineer",
    "Electronics Engineer",
    "Digital Marketing Specialist",
    "Brand Manager",
    "Banker",
    "Financial Analyst",
    "Investment Advisor",
    "Civil Servant",
    "Police Officer",
    "Government Clerk",
    "Public Administrator",
    "Factory Worker",
    "Production Supervisor",
    "Quality Control Inspector",
    "Plant Manager",
    "Farmer",
    "Agricultural Scientist",
    "Agricultural Extension Officer",
    "Agricultural Engineer",
    "Journalist",
    "Reporter",
    "Editor",
    "Media Producer",
    "Telecom Engineer",
    "Network Administrator",
    "Telecom Sales Executive",
    "Customer Support Specialist",
    "Sales Associate",
    "Store Manager",
    "Visual Merchandiser",
    "Lawyer",
    "Judge",
    "Legal Advisor",
    "Legal Researcher",
    "Actor",
    "Director",
    "Producer",
    "Cinematographer",
    "Hotel Manager",
    "Tour Guide",
    "Event Coordinator",
    "Travel Agent"
  
  ],
  "Income": [
    "0-1 Lakhs",
    "1-2 Lakhs",
    "2-5 Lakhs",
    "5-10 Lakhs",
    "10-15 Lakhs",
    "15-20 Lakhs",
    "20-25 Lakhs",
    "25-30 Lakhs",
    "30-35 Lakhs",
    "35-40 Lakhs",
    "40-45 Lakhs",
    "45-50 Lakhs",
    "50-1 Crore",
    "1 Crore and Above"
  ]
}

